{  
 "name":"Acadia National Park",
 "state":"Maine",
 "latitude":"44.21",
 "longitude":"-68.13",
 "website":"https://en.wikipedia.org/wiki/Acadia_National_Park",
 "image":"//upload.wikimedia.org/wikipedia/commons/thumb/b/b1/Bass_harbor_head_light_20041002_123635_1.1504x1000.jpg/200px-Bass_harbor_head_light_20041002_123635_1.1504x1000.jpg"
}
{  
 "name":"American Samoa National Park",
 "state":"American Samoa",
 "latitude":"-14.15",
 "longitude":"-170.41",
 "website":"https://en.wikipedia.org/wiki/National_Park_of_American_Samoa",
 "image":"//upload.wikimedia.org/wikipedia/commons/thumb/1/13/Ofu_Beach_NPS.jpg/200px-Ofu_Beach_NPS.jpg"
}
{  
 "name":"Arches National Park",
 "state":"Utah",
 "latitude":"38.41",
 "longitude":"-109.34",
 "website":"https://en.wikipedia.org/wiki/Arches_National_Park",
 "image":"//upload.wikimedia.org/wikipedia/commons/thumb/0/06/Delicatearch1.jpg/200px-Delicatearch1.jpg"
}
{  
 "name":"Badlands National Park",
 "state":"South Dakota",
 "latitude":"43.45",
 "longitude":"-102.30",
 "website":"https://en.wikipedia.org/wiki/Badlands_National_Park",
 "image":"//upload.wikimedia.org/wikipedia/commons/thumb/6/6d/BadlandsView3.jpg/200px-BadlandsView3.jpg"
}
{  
 "name":"Big Bend National Park",
 "state":"Texas",
 "latitude":"29.15",
 "longitude":"-103.15",
 "website":"https://en.wikipedia.org/wiki/Big_Bend_National_Park",
 "image":"//upload.wikimedia.org/wikipedia/commons/thumb/3/35/Santa_Elena_Canyon.jpg/200px-Santa_Elena_Canyon.jpg"
}
{  
 "name":"Biscayne National Park",
 "state":"Florida",
 "latitude":"25.39",
 "longitude":"-80.05",
 "website":"https://en.wikipedia.org/wiki/Biscayne_National_Park",
 "image":"//upload.wikimedia.org/wikipedia/commons/thumb/d/df/Biscayne_NP_snorkeling.jpg/200px-Biscayne_NP_snorkeling.jpg"
}
{  
 "name":"Black Canyon of the Gunnison National Park",
 "state":"Colorado",
 "latitude":"38.34",
 "longitude":"-107.43",
 "website":"https://en.wikipedia.org/wiki/Black_Canyon_of_the_Gunnison_National_Park",
 "image":"//upload.wikimedia.org/wikipedia/commons/thumb/9/9e/Black_canyon_gunnison_Colorado.jpg/200px-Black_canyon_gunnison_Colorado.jpg"
}
{  
 "name":"Bryce Canyon National Park",
 "state":"Utah",
 "latitude":"37.34",
 "longitude":"-112.11",
 "website":"https://en.wikipedia.org/wiki/Bryce_Canyon_National_Park",
 "image":"//upload.wikimedia.org/wikipedia/commons/thumb/5/58/Bryce_Canyon_Hoodoos_Amphitheater.jpg/200px-Bryce_Canyon_Hoodoos_Amphitheater.jpg"
}
{  
 "name":"Canyonlands National Park",
 "state":"Utah",
 "latitude":"38.12",
 "longitude":"-109.56",
 "website":"https://en.wikipedia.org/wiki/Canyonlands_National_Park",
 "image":"//upload.wikimedia.org/wikipedia/commons/thumb/6/6d/Canyonlands_Needles.jpg/200px-Canyonlands_Needles.jpg"
}
{  
 "name":"Capitol Reef National Park",
 "state":"Utah",
 "latitude":"38.12",
 "longitude":"-111.10",
 "website":"https://en.wikipedia.org/wiki/Capitol_Reef_National_Park",
 "image":"//upload.wikimedia.org/wikipedia/commons/thumb/4/40/Cassidy_Arch%2C_Capitol_Reef_National_Park.JPG/200px-Cassidy_Arch%2C_Capitol_Reef_National_Park.JPG"
}
{  
 "name":"Carlsbad Caverns National Park",
 "state":"New Mexico",
 "latitude":"32.10",
 "longitude":"-104.26",
 "website":"https://en.wikipedia.org/wiki/Carlsbad_Caverns_National_Park",
 "image":"//upload.wikimedia.org/wikipedia/commons/thumb/d/dd/Carlsbad_Interior_Formations.jpg/200px-Carlsbad_Interior_Formations.jpg"
}
{  
 "name":"Channel Islands National Park",
 "state":"California",
 "latitude":"34.01",
 "longitude":"-119.25",
 "website":"https://en.wikipedia.org/wiki/Channel_Islands_National_Park",
 "image":"//upload.wikimedia.org/wikipedia/commons/thumb/8/86/Channel_Islands_National_Park.jpg/200px-Channel_Islands_National_Park.jpg"
}
{  
 "name":"Congaree National Park",
 "state":"South Carolina",
 "latitude":"33.47",
 "longitude":"-80.47",
 "website":"https://en.wikipedia.org/wiki/Congaree_National_Park",
 "image":"//upload.wikimedia.org/wikipedia/commons/thumb/8/81/Congaree_swamp.jpg/200px-Congaree_swamp.jpg"
}
{  
 "name":"Crater Lake National Park",
 "state":"Oregon",
 "latitude":"42.56",
 "longitude":"-122.06",
 "website":"https://en.wikipedia.org/wiki/Crater_Lake_National_Park",
 "image":"//upload.wikimedia.org/wikipedia/commons/thumb/b/b5/Crater_lake_oregon.jpg/200px-Crater_lake_oregon.jpg"
}
{  
 "name":"Cuyahoga Valley National Park",
 "state":"Ohio",
 "latitude":"41.14",
 "longitude":"-81.33",
 "website":"https://en.wikipedia.org/wiki/Cuyahoga_Valley_National_Park",
 "image":"//upload.wikimedia.org/wikipedia/commons/thumb/7/7c/OhioErieCanalLock.JPG/200px-OhioErieCanalLock.JPG"
}
{ 
 "name":"Death Valley National Park",
 "state":"California",
 "latitude":"36.14",
 "longitude":"-116.49",
 "website":"https://en.wikipedia.org/wiki/Death_Valley_National_Park",
 "image":"//upload.wikimedia.org/wikipedia/commons/thumb/8/87/Mesquite_Sand_Dunes_in_Death_Valley.jpg/200px-Mesquite_Sand_Dunes_in_Death_Valley.jpg"
}
{  
 "name":"Denali National Park",
 "state":"Alaska",
 "latitude":"63.20",
 "longitude":"-150.30",
 "website":"https://en.wikipedia.org/wiki/Denali_National_Park_and_Preserve",
 "image":"//upload.wikimedia.org/wikipedia/commons/thumb/e/ed/Mount_McKinley_and_Denali_National_Park_Road_2048px.jpg/200px-Mount_McKinley_and_Denali_National_Park_Road_2048px.jpg"
}
{  
 "name":"Dry Tortugas National Park",
 "state":"Florida",
 "latitude":"24.38",
 "longitude":"-82.52",
 "website":"https://en.wikipedia.org/wiki/Dry_Tortugas_National_Park",
 "image":"//upload.wikimedia.org/wikipedia/commons/thumb/5/5f/Fort-Jefferson_Dry-Tortugas.jpg/200px-Fort-Jefferson_Dry-Tortugas.jpg"
}
{  
 "name":"Everglades National Park",
 "state":"Florida",
 "latitude":"25.19",
 "longitude":"-80.56",
 "website":"https://en.wikipedia.org/wiki/Everglades_National_Park",
 "image":"//upload.wikimedia.org/wikipedia/commons/thumb/6/68/Everglades_National_Park_cypress.jpg/200px-Everglades_National_Park_cypress.jpg"
}
{  
 "name":"Gates of the Arctic National Park",
 "state":"Alaska",
 "latitude":"67.47",
 "longitude":"-153.18",
 "website":"https://en.wikipedia.org/wiki/Gates_of_the_Arctic_National_Park_and_Preserve",
 "image":"//upload.wikimedia.org/wikipedia/commons/thumb/e/e4/GatesofArctic.jpg/200px-GatesofArctic.jpg"
}
{  
 "name":"Glacier National Park",
 "state":"Montana",
 "latitude":"48.48",
 "longitude":"-114.00",
 "website":"https://en.wikipedia.org/wiki/Glacier_National_Park_(U.S.)",
 "image":"//upload.wikimedia.org/wikipedia/commons/thumb/6/61/St_Mary_Lake_-_Wild_goose_Island.jpg/200px-St_Mary_Lake_-_Wild_goose_Island.jpg"
}
{  
 "name":"Glacier Bay National Park",
 "state":"Alaska",
 "latitude":"58.30",
 "longitude":"-137.00",
 "website":"https://en.wikipedia.org/wiki/Glacier_Bay_National_Park_and_Preserve",
 "image":"//upload.wikimedia.org/wikipedia/commons/thumb/a/aa/GlacierBay3.jpg/200px-GlacierBay3.jpg"
}
{  
 "name":"Grand Canyon National Park",
 "state":"Arizona",
 "latitude":"36.04",
 "longitude":"-112.08",
 "website":"https://en.wikipedia.org/wiki/Grand_Canyon_National_Park",
 "image":"//upload.wikimedia.org/wikipedia/commons/thumb/f/f9/USA_09847_Grand_Canyon_Luca_Galuzzi_2007.jpg/200px-USA_09847_Grand_Canyon_Luca_Galuzzi_2007.jpg"
}
{  
 "name":"Grand Teton National Park",
 "state":"Wyoming",
 "latitude":"43.44",
 "longitude":"-110.48",
 "website":"https://en.wikipedia.org/wiki/Grand_Teton_National_Park",
 "image":"//upload.wikimedia.org/wikipedia/commons/thumb/0/0a/Teton_Range_from_Glacier_View_Turnout-closeup.JPG/200px-Teton_Range_from_Glacier_View_Turnout-closeup.JPG"
}
{  
 "name":"Great Basin National Park",
 "state":"Nevada",
 "latitude":"38.59",
 "longitude":"-114.18",
 "website":"https://en.wikipedia.org/wiki/Great_Basin_National_Park",
 "image":"//upload.wikimedia.org/wikipedia/commons/thumb/b/be/Prometheus_Wheeler.jpg/200px-Prometheus_Wheeler.jpg"
}
{  
 "name":"Great Sand Dunes National Park",
 "state":"Colorado",
 "latitude":"37.44",
 "longitude":"-105.31",
 "website":"https://en.wikipedia.org/wiki/Great_Sand_Dunes_National_Park_and_Preserve",
 "image":"//upload.wikimedia.org/wikipedia/commons/thumb/a/ad/Coloradodunes.jpg/200px-Coloradodunes.jpg"
}
{  
 "name":"Great Smoky Mountains National Park",
 "state":"Tennessee",
 "latitude":"35.41",
 "longitude":"-83.32",
 "website":"https://en.wikipedia.org/wiki/Great_Smoky_Mountains_National_Park",
 "image":"//upload.wikimedia.org/wikipedia/commons/thumb/e/e8/Fall_at_Oconaluftee_Overlook.JPG/200px-Fall_at_Oconaluftee_Overlook.JPG"
}
{  
 "name":"Guadalupe Mountains National Park",
 "state":"Texas",
 "latitude":"31.55",
 "longitude":"-104.52",
 "website":"https://en.wikipedia.org/wiki/Guadalupe_Mountains_National_Park",
 "image":"//upload.wikimedia.org/wikipedia/commons/thumb/a/aa/West_face_of_Guadalupe_Mountains_at_sunset_2006.jpg/200px-West_face_of_Guadalupe_Mountains_at_sunset_2006.jpg"
}
{  
 "name":"Haleakalā National Park",
 "state":"Hawaii",
 "latitude":"20.43",
 "longitude":"-156.10",
 "website":"https://en.wikipedia.org/wiki/Haleakal%C4%81_National_Park",
 "image":"//upload.wikimedia.org/wikipedia/commons/thumb/b/b6/Haleakala_Crater.jpg/200px-Haleakala_Crater.jpg"
}
{  
 "name":"Hawaii Volcanoes National Park",
 "state":"Hawaii",
 "latitude":"19.23",
 "longitude":"-155.12",
 "website":"https://en.wikipedia.org/wiki/Hawaii_Volcanoes_National_Park",
 "image":"//upload.wikimedia.org/wikipedia/commons/thumb/6/6d/Puu_Oo_cropped.jpg/200px-Puu_Oo_cropped.jpg"
}
{  
 "name":"Hot Springs National Park",
 "state":"Arkansas",
 "latitude":"34.31",
 "longitude":"-93.03",
 "website":"https://en.wikipedia.org/wiki/Hot_Springs_National_Park",
 "image":"//upload.wikimedia.org/wikipedia/commons/thumb/a/a4/Hots_Springs_National_Park_aerial.jpg/200px-Hots_Springs_National_Park_aerial.jpg"
}
{  
 "name":"Isle Royale National Park",
 "state":"Michigan",
 "latitude":"48.06",
 "longitude":"-88.33",
 "website":"https://en.wikipedia.org/wiki/Isle_Royale_National_Park",
 "image":"//upload.wikimedia.org/wikipedia/commons/thumb/7/7c/IsleRoyalePlane.jpg/200px-IsleRoyalePlane.jpg"
}
{  
 "name":"Joshua Tree National Park",
 "state":"California",
 "latitude":"33.47",
 "longitude":"-115.54",
 "website":"https://en.wikipedia.org/wiki/Joshua_Tree_National_Park",
 "image":"//upload.wikimedia.org/wikipedia/commons/thumb/9/9e/Joshua_Tree_-_Rock_formation_in_Real_Hidden_Valley_1.jpg/200px-Joshua_Tree_-_Rock_formation_in_Real_Hidden_Valley_1.jpg"
}
{  
 "name":"Katmai National Park",
 "state":"Alaska",
 "latitude":"58.30",
 "longitude":"-155.00",
 "website":"https://en.wikipedia.org/wiki/Katmai_National_Park_and_Preserve",
 "image":"//upload.wikimedia.org/wikipedia/commons/thumb/3/31/Brown_bears_brooks_falls.jpg/200px-Brown_bears_brooks_falls.jpg"
}
{  
 "name":"Kenai Fjords National Park",
 "state":"Alaska",
 "latitude":"59.55",
 "longitude":"-149.39",
 "website":"https://en.wikipedia.org/wiki/Kenai_Fjords_National_Park",
 "image":"//upload.wikimedia.org/wikipedia/commons/thumb/c/c4/Exit_Glacier_Jul09.JPG/200px-Exit_Glacier_Jul09.JPG"
}
{  
 "name":"Kings Canyon National Park",
 "state":"California",
 "latitude":"36.48",
 "longitude":"-118.33",
 "website":"https://en.wikipedia.org/wiki/Kings_Canyon_National_Park",
 "image":"//upload.wikimedia.org/wikipedia/commons/thumb/3/3a/KingsCanyonNP.JPG/200px-KingsCanyonNP.JPG"
}
{  
 "name":"Kobuk Valley National Park",
 "state":"Alaska",
 "latitude":"67.33",
 "longitude":"-159.17",
 "website":"https://en.wikipedia.org/wiki/Kobuk_Valley_National_Park",
 "image":"//upload.wikimedia.org/wikipedia/commons/thumb/e/e5/Agie_River.jpg/200px-Agie_River.jpg"
}
{  
 "name":"Lake Clark National Park",
 "state":"Alaska",
 "latitude":"60.58",
 "longitude":"-153.25",
 "website":"https://en.wikipedia.org/wiki/Lake_Clark_National_Park_and_Preserve",
 "image":"//upload.wikimedia.org/wikipedia/commons/thumb/a/ac/Lake_Clark_National_Park.jpg/200px-Lake_Clark_National_Park.jpg"
}
{  
 "name":"Lassen Volcanic National Park",
 "state":"California",
 "latitude":"40.29",
 "longitude":"-121.31",
 "website":"https://en.wikipedia.org/wiki/Lassen_Volcanic_National_Park",
 "image":"//upload.wikimedia.org/wikipedia/commons/thumb/f/fa/Lassen_Peak_from_the_summit_of_Brokeoff_Mountain-1200px.jpg/200px-Lassen_Peak_from_the_summit_of_Brokeoff_Mountain-1200px.jpg"
}
{  
 "name":"Mammoth Cave National Park",
 "state":"Kentucky",
 "latitude":"37.11",
 "longitude":"-86.06",
 "website":"https://en.wikipedia.org/wiki/Mammoth_Cave_National_Park",
 "image":"//upload.wikimedia.org/wikipedia/commons/thumb/f/f5/Mammoth_Cave_National_Park_007.jpg/200px-Mammoth_Cave_National_Park_007.jpg"
}
{  
 "name":"Mesa Verde National Park",
 "state":"Colorado",
 "latitude":"37.11",
 "longitude":"-108.29",
 "website":"https://en.wikipedia.org/wiki/Mesa_Verde_National_Park",
 "image":"//upload.wikimedia.org/wikipedia/commons/thumb/c/c4/Mesa_Verde_National_Park_Cliff_Palace_Right_Part_2006_09_12.jpg/200px-Mesa_Verde_National_Park_Cliff_Palace_Right_Part_2006_09_12.jpg"
}
{  
 "name":"Mount Rainier National Park",
 "state":"Washington",
 "latitude":"46.51",
 "longitude":"-121.45",
 "website":"https://en.wikipedia.org/wiki/Mount_Rainier_National_Park",
 "image":"//upload.wikimedia.org/wikipedia/commons/thumb/e/eb/Mount_Rainier_from_west.jpg/200px-Mount_Rainier_from_west.jpg"
}
{  
 "name":"North Cascades National Park",
 "state":"Washington",
 "latitude":"48.42",
 "longitude":"-121.12",
 "website":"https://en.wikipedia.org/wiki/North_Cascades_National_Park",
 "image":"//upload.wikimedia.org/wikipedia/commons/thumb/0/01/Cascade_pass.jpg/200px-Cascade_pass.jpg"
}
{  
 "name":"Olympic National Park",
 "state":"Washington",
 "latitude":"47.58",
 "longitude":"-123.30",
 "website":"https://en.wikipedia.org/wiki/Olympic_National_Park",
 "image":"//upload.wikimedia.org/wikipedia/commons/thumb/b/b9/Acer_macrophyllum_in_Hoh_Rain_Forest.jpg/200px-Acer_macrophyllum_in_Hoh_Rain_Forest.jpg"
}
{  
 "name":"Petrified Forest National Park",
 "state":"Arizona",
 "latitude":"35.04",
 "longitude":"-109.47",
 "website":"https://en.wikipedia.org/wiki/Petrified_Forest_National_Park",
 "image":"//upload.wikimedia.org/wikipedia/commons/thumb/6/6f/PAINTED_DESERT_BADLANDS.jpg/200px-PAINTED_DESERT_BADLANDS.jpg"
}
{  
 "name":"Pinnacles National Park",
 "state":"California",
 "latitude":"36.29",
 "longitude":"-121.10",
 "website":"https://en.wikipedia.org/wiki/Pinnacles_National_Park",
 "image":"//upload.wikimedia.org/wikipedia/commons/thumb/1/1f/PinnaclesParkView.jpg/200px-PinnaclesParkView.jpg"
}
{  
 "name":"Redwood National Park",
 "state":"California",
 "latitude":"41.18",
 "longitude":"-124.00",
 "website":"https://en.wikipedia.org/wiki/Redwood_National_and_State_Parks",
 "image":"//upload.wikimedia.org/wikipedia/commons/thumb/d/de/Redwood_National_Park%2C_fog_in_the_forest.jpg/200px-Redwood_National_Park%2C_fog_in_the_forest.jpg"
}
{  
 "name":"Rocky Mountain National Park",
 "state":"Colorado",
 "latitude":"40.24",
 "longitude":"-105.35",
 "website":"https://en.wikipedia.org/wiki/Rocky_Mountain_National_Park",
 "image":"//upload.wikimedia.org/wikipedia/commons/thumb/1/1b/Bierstadt_Lake%2C_Rocky_Mountain_National_Park%2C_USA.jpg/200px-Bierstadt_Lake%2C_Rocky_Mountain_National_Park%2C_USA.jpg"
}
{  
 "name":"Saguaro National Park",
 "state":"Arizona",
 "latitude":"32.15",
 "longitude":"-110.30",
 "website":"https://en.wikipedia.org/wiki/Saguaro_National_Park",
 "image":"//upload.wikimedia.org/wikipedia/commons/thumb/4/47/Saguaronationalparl17102008.jpg/200px-Saguaronationalparl17102008.jpg"
}
{  
 "name":"Sequoia National Park",
 "state":"California",
 "latitude":"36.26",
 "longitude":"-118.41",
 "website":"https://en.wikipedia.org/wiki/Sequoia_National_Park",
 "image":"//upload.wikimedia.org/wikipedia/commons/thumb/2/27/Giant_Forest.jpg/200px-Giant_Forest.jpg"
}
{  
 "name":"Shenandoah National Park",
 "state":"Virginia",
 "latitude":"38.32",
 "longitude":"-78.21",
 "website":"https://en.wikipedia.org/wiki/Shenandoah_National_Park",
 "image":"//upload.wikimedia.org/wikipedia/commons/thumb/8/82/Dark_Hollow_Falls_Shenandoah_NP_2007.jpg/200px-Dark_Hollow_Falls_Shenandoah_NP_2007.jpg"
}
{  
 "name":"Theodore Roosevelt National Park",
 "state":"North Dakota",
 "latitude":"46.58",
 "longitude":"-103.27",
 "website":"https://en.wikipedia.org/wiki/Theodore_Roosevelt_National_Park",
 "image":"//upload.wikimedia.org/wikipedia/commons/thumb/6/6c/Theodore_Roosevelt_National_Park.jpg/200px-Theodore_Roosevelt_National_Park.jpg"
}
{  
 "name":"Virgin Islands National Park",
 "state":"United States Virgin Islands",
 "latitude":"18.20",
 "longitude":"-64.44",
 "website":"https://en.wikipedia.org/wiki/Virgin_Islands_National_Park",
 "image":"//upload.wikimedia.org/wikipedia/commons/thumb/5/55/St_John_Trunk_Bay_1.jpg/200px-St_John_Trunk_Bay_1.jpg"
}
{  
 "name":"Voyageurs National Park",
 "state":"Minnesota",
 "latitude":"48.30",
 "longitude":"-92.53",
 "website":"https://en.wikipedia.org/wiki/Voyageurs_National_Park",
 "image":"//upload.wikimedia.org/wikipedia/commons/thumb/b/bd/Voyageurs_National_Park.jpg/200px-Voyageurs_National_Park.jpg"
}
{  
 "name":"Wind Cave National Park",
 "state":"South Dakota",
 "latitude":"43.34",
 "longitude":"-103.29",
 "website":"https://en.wikipedia.org/wiki/Wind_Cave_National_Park",
 "image":"//upload.wikimedia.org/wikipedia/commons/thumb/b/b5/Wind_Cave_lower.jpg/200px-Wind_Cave_lower.jpg"
}
{  
 "name":"Wrangell–​St Elias National Park",
 "state":"Alaska",
 "latitude":"61.00",
 "longitude":"-142.00",
 "website":"https://en.wikipedia.org/wiki/Wrangell%E2%80%93St._Elias_National_Park_and_Preserve",
 "image":"//upload.wikimedia.org/wikipedia/commons/thumb/2/2f/MountJarvis.jpg/200px-MountJarvis.jpg"
}
{  
 "name":"Yellowstone National Park",
 "state":"Wyoming",
 "latitude":"44.36",
 "longitude":"-110.30",
 "website":"https://en.wikipedia.org/wiki/Yellowstone_National_Park",
 "image":"//upload.wikimedia.org/wikipedia/commons/thumb/3/3f/Grand_Prismatic_Spring_and_Midway_Geyser_Basin_from_above.jpg/200px-Grand_Prismatic_Spring_and_Midway_Geyser_Basin_from_above.jpg"
}
{  
 "name":"Yosemite National Park",
 "state":"California",
 "latitude":"37.50",
 "longitude":"-119.30",
 "website":"https://en.wikipedia.org/wiki/Yosemite_National_Park",
 "image":"//upload.wikimedia.org/wikipedia/commons/thumb/c/c7/YosemitePark2_amk.jpg/200px-YosemitePark2_amk.jpg"
}
{  
 "name":"Zion National Park",
 "state":"Utah",
 "latitude":"37.18",
 "longitude":"-113.03",
 "website":"https://en.wikipedia.org/wiki/Zion_National_Park",
 "image":"//upload.wikimedia.org/wikipedia/commons/thumb/1/10/Zion_angels_landing_view.jpg/200px-Zion_angels_landing_view.jpg"
}
